Country Name,Country Code,Series Name,Series Code,2015 [YR2015],2016 [YR2016],2017 [YR2017],2018 [YR2018],2019 [YR2019]
Afghanistan,AFG,"Unemployment, total (% of total labor force) (national estimate)",SL.UEM.TOTL.NE.ZS,..,..,11.18,..,..
Albania,ALB,"Unemployment, total (% of total labor force) (national estimate)",SL.UEM.TOTL.NE.ZS,17.19,15.42,13.62,12.3,11.47
Algeria,DZA,"Unemployment, total (% of total labor force) (national estimate)",SL.UEM.TOTL.NE.ZS,11.21,10.2,12,..,..
American Samoa,ASM,"Unemployment, total (% of total labor force) (national estimate)",SL.UEM.TOTL.NE.ZS,..,..,..,..,..
Andorra,AND,"Unemployment, total (% of total labor force) (national estimate)",SL.UEM.TOTL.NE.ZS,..,..,..,..,..
Angola,AGO,"Unemployment, total (% of total labor force) (national estimate)",SL.UEM.TOTL.NE.ZS,..,..,..,..,16.5
Antigua and Barbuda,ATG,"Unemployment, total (% of total labor force) (national estimate)",SL.UEM.TOTL.NE.ZS,..,..,..,..,..
Argentina,ARG,"Unemployment, total (% of total labor force) (national estimate)",SL.UEM.TOTL.NE.ZS,..,..,8.35,9.22,9.84
Armenia,ARM,"Unemployment, total (% of total labor force) (national estimate)",SL.UEM.TOTL.NE.ZS,18.26,17.62,17.7,13.21,12.2
Aruba,ABW,"Unemployment, total (% of total labor force) (national estimate)",SL.UEM.TOTL.NE.ZS,..,..,..,..,..
Australia,AUS,"Unemployment, total (% of total labor force) (national estimate)",SL.UEM.TOTL.NE.ZS,6.06,5.71,5.59,5.3,5.16
Austria,AUT,"Unemployment, total (% of total labor force) (national estimate)",SL.UEM.TOTL.NE.ZS,5.8,6.06,5.56,4.93,4.56
Azerbaijan,AZE,"Unemployment, total (% of total labor force) (national estimate)",SL.UEM.TOTL.NE.ZS,4.96,5,5,4.9,5
"Bahamas, The",BHS,"Unemployment, total (% of total labor force) (national estimate)",SL.UEM.TOTL.NE.ZS,12,12.7,9.8,10,..
Bahrain,BHR,"Unemployment, total (% of total labor force) (national estimate)",SL.UEM.TOTL.NE.ZS,..,..,..,..,..
Bangladesh,BGD,"Unemployment, total (% of total labor force) (national estimate)",SL.UEM.TOTL.NE.ZS,..,4.35,4.37,..,..
Barbados,BRB,"Unemployment, total (% of total labor force) (national estimate)",SL.UEM.TOTL.NE.ZS,9.8,8.25,8.62,8.32,8.41
Belarus,BLR,"Unemployment, total (% of total labor force) (national estimate)",SL.UEM.TOTL.NE.ZS,1,5.84,5.65,4.76,4.16
Belgium,BEL,"Unemployment, total (% of total labor force) (national estimate)",SL.UEM.TOTL.NE.ZS,8.48,7.83,7.09,5.95,5.36
Belize,BLZ,"Unemployment, total (% of total labor force) (national estimate)",SL.UEM.TOTL.NE.ZS,7.58,7,6.6,..,9.05
Benin,BEN,"Unemployment, total (% of total labor force) (national estimate)",SL.UEM.TOTL.NE.ZS,..,..,..,1.47,..
Bermuda,BMU,"Unemployment, total (% of total labor force) (national estimate)",SL.UEM.TOTL.NE.ZS,..,..,..,..,..
Bhutan,BTN,"Unemployment, total (% of total labor force) (national estimate)",SL.UEM.TOTL.NE.ZS,2.45,..,..,3.35,2.72
Bolivia,BOL,"Unemployment, total (% of total labor force) (national estimate)",SL.UEM.TOTL.NE.ZS,3.11,3.5,3.65,3.52,3.68
Bosnia and Herzegovina,BIH,"Unemployment, total (% of total labor force) (national estimate)",SL.UEM.TOTL.NE.ZS,27.69,25.41,20.53,18.4,15.69
Botswana,BWA,"Unemployment, total (% of total labor force) (national estimate)",SL.UEM.TOTL.NE.ZS,..,..,..,..,20.09
Brazil,BRA,"Unemployment, total (% of total labor force) (national estimate)",SL.UEM.TOTL.NE.ZS,8.54,11.58,12.79,12.33,11.94
British Virgin Islands,VGB,"Unemployment, total (% of total labor force) (national estimate)",SL.UEM.TOTL.NE.ZS,..,..,..,..,..
Brunei Darussalam,BRN,"Unemployment, total (% of total labor force) (national estimate)",SL.UEM.TOTL.NE.ZS,..,..,9.32,8.7,6.6
Bulgaria,BGR,"Unemployment, total (% of total labor force) (national estimate)",SL.UEM.TOTL.NE.ZS,9.14,7.57,6.16,5.21,4.23
Burkina Faso,BFA,"Unemployment, total (% of total labor force) (national estimate)",SL.UEM.TOTL.NE.ZS,..,..,..,4.69,..
Burundi,BDI,"Unemployment, total (% of total labor force) (national estimate)",SL.UEM.TOTL.NE.ZS,..,..,..,..,..
Cabo Verde,CPV,"Unemployment, total (% of total labor force) (national estimate)",SL.UEM.TOTL.NE.ZS,31.31,..,12.24,12.17,11.29
Cambodia,KHM,"Unemployment, total (% of total labor force) (national estimate)",SL.UEM.TOTL.NE.ZS,0.39,0.72,0.14,..,0.5
Cameroon,CMR,"Unemployment, total (% of total labor force) (national estimate)",SL.UEM.TOTL.NE.ZS,..,..,..,..,..
Canada,CAN,"Unemployment, total (% of total labor force) (national estimate)",SL.UEM.TOTL.NE.ZS,6.95,7.04,6.43,5.84,5.69
Cayman Islands,CYM,"Unemployment, total (% of total labor force) (national estimate)",SL.UEM.TOTL.NE.ZS,4.24,..,..,..,..
Central African Republic,CAF,"Unemployment, total (% of total labor force) (national estimate)",SL.UEM.TOTL.NE.ZS,..,..,..,..,..
Chad,TCD,"Unemployment, total (% of total labor force) (national estimate)",SL.UEM.TOTL.NE.ZS,..,..,..,1.13,..
Channel Islands,CHI,"Unemployment, total (% of total labor force) (national estimate)",SL.UEM.TOTL.NE.ZS,..,..,..,..,..
Chile,CHL,"Unemployment, total (% of total labor force) (national estimate)",SL.UEM.TOTL.NE.ZS,6.49,6.73,6.95,7.21,7.27
China,CHN,"Unemployment, total (% of total labor force) (national estimate)",SL.UEM.TOTL.NE.ZS,..,..,3.9,4.93,5.15
Colombia,COL,"Unemployment, total (% of total labor force) (national estimate)",SL.UEM.TOTL.NE.ZS,8.57,8.92,9.09,9.36,10.28
Comoros,COM,"Unemployment, total (% of total labor force) (national estimate)",SL.UEM.TOTL.NE.ZS,..,..,..,..,..
"Congo, Dem. Rep.",COD,"Unemployment, total (% of total labor force) (national estimate)",SL.UEM.TOTL.NE.ZS,..,..,..,..,..
"Congo, Rep.",COG,"Unemployment, total (% of total labor force) (national estimate)",SL.UEM.TOTL.NE.ZS,..,..,..,..,..
Costa Rica,CRI,"Unemployment, total (% of total labor force) (national estimate)",SL.UEM.TOTL.NE.ZS,8.42,8.09,7.73,9.01,10.81
Cote d'Ivoire,CIV,"Unemployment, total (% of total labor force) (national estimate)",SL.UEM.TOTL.NE.ZS,..,1.9,3.27,..,2.4
Croatia,HRV,"Unemployment, total (% of total labor force) (national estimate)",SL.UEM.TOTL.NE.ZS,16.18,13.1,11.21,8.43,6.62
Cuba,CUB,"Unemployment, total (% of total labor force) (national estimate)",SL.UEM.TOTL.NE.ZS,2.4,2,1.7,1.7,..
Curacao,CUW,"Unemployment, total (% of total labor force) (national estimate)",SL.UEM.TOTL.NE.ZS,11.71,..,..,13.43,..
Cyprus,CYP,"Unemployment, total (% of total labor force) (national estimate)",SL.UEM.TOTL.NE.ZS,15.03,13.01,11.16,8.5,7.15
Czechia,CZE,"Unemployment, total (% of total labor force) (national estimate)",SL.UEM.TOTL.NE.ZS,5.05,3.95,2.89,2.25,2.02
Denmark,DNK,"Unemployment, total (% of total labor force) (national estimate)",SL.UEM.TOTL.NE.ZS,6.28,5.99,5.83,5.13,5.02
Djibouti,DJI,"Unemployment, total (% of total labor force) (national estimate)",SL.UEM.TOTL.NE.ZS,..,..,26.06,..,..
Dominica,DMA,"Unemployment, total (% of total labor force) (national estimate)",SL.UEM.TOTL.NE.ZS,..,..,..,..,..
Dominican Republic,DOM,"Unemployment, total (% of total labor force) (national estimate)",SL.UEM.TOTL.NE.ZS,7.61,7.28,5.83,5.86,6.18
Ecuador,ECU,"Unemployment, total (% of total labor force) (national estimate)",SL.UEM.TOTL.NE.ZS,3.62,4.6,3.84,3.53,3.81
"Egypt, Arab Rep.",EGY,"Unemployment, total (% of total labor force) (national estimate)",SL.UEM.TOTL.NE.ZS,13.05,12.45,11.77,9.86,7.85
El Salvador,SLV,"Unemployment, total (% of total labor force) (national estimate)",SL.UEM.TOTL.NE.ZS,4,4.42,4.39,4.01,4.17
Equatorial Guinea,GNQ,"Unemployment, total (% of total labor force) (national estimate)",SL.UEM.TOTL.NE.ZS,..,..,..,..,..
Eritrea,ERI,"Unemployment, total (% of total labor force) (national estimate)",SL.UEM.TOTL.NE.ZS,..,..,..,..,..
Estonia,EST,"Unemployment, total (% of total labor force) (national estimate)",SL.UEM.TOTL.NE.ZS,6.19,6.76,5.76,5.37,4.45
Eswatini,SWZ,"Unemployment, total (% of total labor force) (national estimate)",SL.UEM.TOTL.NE.ZS,..,22.72,..,..,..
Ethiopia,ETH,"Unemployment, total (% of total labor force) (national estimate)",SL.UEM.TOTL.NE.ZS,..,..,..,..,..
Faroe Islands,FRO,"Unemployment, total (% of total labor force) (national estimate)",SL.UEM.TOTL.NE.ZS,..,..,..,..,..
Fiji,FJI,"Unemployment, total (% of total labor force) (national estimate)",SL.UEM.TOTL.NE.ZS,..,4.32,..,..,..
Finland,FIN,"Unemployment, total (% of total labor force) (national estimate)",SL.UEM.TOTL.NE.ZS,9.38,8.82,8.64,7.36,6.69
France,FRA,"Unemployment, total (% of total labor force) (national estimate)",SL.UEM.TOTL.NE.ZS,10.35,10.06,9.41,9.02,8.41
French Polynesia,PYF,"Unemployment, total (% of total labor force) (national estimate)",SL.UEM.TOTL.NE.ZS,..,..,..,..,..
Gabon,GAB,"Unemployment, total (% of total labor force) (national estimate)",SL.UEM.TOTL.NE.ZS,..,..,..,..,..
"Gambia, The",GMB,"Unemployment, total (% of total labor force) (national estimate)",SL.UEM.TOTL.NE.ZS,..,..,..,4.13,..
Georgia,GEO,"Unemployment, total (% of total labor force) (national estimate)",SL.UEM.TOTL.NE.ZS,16.51,16.6,13.94,12.67,11.57
Germany,DEU,"Unemployment, total (% of total labor force) (national estimate)",SL.UEM.TOTL.NE.ZS,4.62,4.12,3.75,3.38,3.14
Ghana,GHA,"Unemployment, total (% of total labor force) (national estimate)",SL.UEM.TOTL.NE.ZS,6.81,..,3.37,..,..
Gibraltar,GIB,"Unemployment, total (% of total labor force) (national estimate)",SL.UEM.TOTL.NE.ZS,..,..,..,..,..
Greece,GRC,"Unemployment, total (% of total labor force) (national estimate)",SL.UEM.TOTL.NE.ZS,24.98,23.51,21.41,19.18,17.04
Greenland,GRL,"Unemployment, total (% of total labor force) (national estimate)",SL.UEM.TOTL.NE.ZS,9.1,..,..,..,..
Grenada,GRD,"Unemployment, total (% of total labor force) (national estimate)",SL.UEM.TOTL.NE.ZS,22.9,..,..,..,..
Guam,GUM,"Unemployment, total (% of total labor force) (national estimate)",SL.UEM.TOTL.NE.ZS,6.9,5.4,..,..,..
Guatemala,GTM,"Unemployment, total (% of total labor force) (national estimate)",SL.UEM.TOTL.NE.ZS,2.51,2.58,2.46,2.28,2.19
Guinea,GIN,"Unemployment, total (% of total labor force) (national estimate)",SL.UEM.TOTL.NE.ZS,..,..,..,..,5.02
Guinea-Bissau,GNB,"Unemployment, total (% of total labor force) (national estimate)",SL.UEM.TOTL.NE.ZS,..,..,..,3.2,..
Guyana,GUY,"Unemployment, total (% of total labor force) (national estimate)",SL.UEM.TOTL.NE.ZS,..,..,..,14.02,13.52
Haiti,HTI,"Unemployment, total (% of total labor force) (national estimate)",SL.UEM.TOTL.NE.ZS,..,..,..,..,..
Honduras,HND,"Unemployment, total (% of total labor force) (national estimate)",SL.UEM.TOTL.NE.ZS,6.15,6.73,5.53,5.62,5.55
"Hong Kong SAR, China",HKG,"Unemployment, total (% of total labor force) (national estimate)",SL.UEM.TOTL.NE.ZS,3.31,3.39,3.12,2.81,2.92
Hungary,HUN,"Unemployment, total (% of total labor force) (national estimate)",SL.UEM.TOTL.NE.ZS,6.81,5.11,4.16,3.71,3.42
Iceland,ISL,"Unemployment, total (% of total labor force) (national estimate)",SL.UEM.TOTL.NE.ZS,3.98,2.98,2.74,2.7,3.51
India,IND,"Unemployment, total (% of total labor force) (national estimate)",SL.UEM.TOTL.NE.ZS,..,..,..,7.65,6.51
Indonesia,IDN,"Unemployment, total (% of total labor force) (national estimate)",SL.UEM.TOTL.NE.ZS,4.51,4.3,3.78,4.39,3.59
"Iran, Islamic Rep.",IRN,"Unemployment, total (% of total labor force) (national estimate)",SL.UEM.TOTL.NE.ZS,11.17,12.62,12.23,12.19,10.74
Iraq,IRQ,"Unemployment, total (% of total labor force) (national estimate)",SL.UEM.TOTL.NE.ZS,..,10.82,13.02,..,..
Ireland,IRL,"Unemployment, total (% of total labor force) (national estimate)",SL.UEM.TOTL.NE.ZS,9.91,8.37,6.71,5.74,4.95
Isle of Man,IMN,"Unemployment, total (% of total labor force) (national estimate)",SL.UEM.TOTL.NE.ZS,..,2.67,..,..,..
Israel,ISR,"Unemployment, total (% of total labor force) (national estimate)",SL.UEM.TOTL.NE.ZS,5.18,4.72,4.14,3.92,3.73
Italy,ITA,"Unemployment, total (% of total labor force) (national estimate)",SL.UEM.TOTL.NE.ZS,11.9,11.69,11.21,10.61,9.95
Jamaica,JAM,"Unemployment, total (% of total labor force) (national estimate)",SL.UEM.TOTL.NE.ZS,13.51,8.63,7.4,5.47,4.99
Japan,JPN,"Unemployment, total (% of total labor force) (national estimate)",SL.UEM.TOTL.NE.ZS,3.39,3.13,2.82,2.47,2.35
Jordan,JOR,"Unemployment, total (% of total labor force) (national estimate)",SL.UEM.TOTL.NE.ZS,13.08,15.28,18.12,18.26,16.8
Kazakhstan,KAZ,"Unemployment, total (% of total labor force) (national estimate)",SL.UEM.TOTL.NE.ZS,4.93,4.96,4.9,4.85,4.8
Kenya,KEN,"Unemployment, total (% of total labor force) (national estimate)",SL.UEM.TOTL.NE.ZS,..,2.76,..,..,5.01
Kiribati,KIR,"Unemployment, total (% of total labor force) (national estimate)",SL.UEM.TOTL.NE.ZS,9.33,..,..,..,8.56
"Korea, Dem. People's Rep.",PRK,"Unemployment, total (% of total labor force) (national estimate)",SL.UEM.TOTL.NE.ZS,..,..,..,..,..
"Korea, Rep.",KOR,"Unemployment, total (% of total labor force) (national estimate)",SL.UEM.TOTL.NE.ZS,3.55,3.65,3.65,3.82,3.75
Kosovo,XKX,"Unemployment, total (% of total labor force) (national estimate)",SL.UEM.TOTL.NE.ZS,32.84,27.49,30.34,27.76,25.07
Kuwait,KWT,"Unemployment, total (% of total labor force) (national estimate)",SL.UEM.TOTL.NE.ZS,2.2,2.16,..,..,..
Kyrgyz Republic,KGZ,"Unemployment, total (% of total labor force) (national estimate)",SL.UEM.TOTL.NE.ZS,3.36,3.25,2.65,3.67,4.25
Lao PDR,LAO,"Unemployment, total (% of total labor force) (national estimate)",SL.UEM.TOTL.NE.ZS,..,..,3.27,..,..
Latvia,LVA,"Unemployment, total (% of total labor force) (national estimate)",SL.UEM.TOTL.NE.ZS,9.87,9.64,8.72,7.41,6.31
Lebanon,LBN,"Unemployment, total (% of total labor force) (national estimate)",SL.UEM.TOTL.NE.ZS,..,..,..,..,11.3
Lesotho,LSO,"Unemployment, total (% of total labor force) (national estimate)",SL.UEM.TOTL.NE.ZS,..,..,..,..,16.88
Liberia,LBR,"Unemployment, total (% of total labor force) (national estimate)",SL.UEM.TOTL.NE.ZS,..,3.08,5.95,..,..
Libya,LBY,"Unemployment, total (% of total labor force) (national estimate)",SL.UEM.TOTL.NE.ZS,..,..,..,..,..
Liechtenstein,LIE,"Unemployment, total (% of total labor force) (national estimate)",SL.UEM.TOTL.NE.ZS,..,..,..,..,..
Lithuania,LTU,"Unemployment, total (% of total labor force) (national estimate)",SL.UEM.TOTL.NE.ZS,9.12,7.86,7.07,6.15,6.26
Luxembourg,LUX,"Unemployment, total (% of total labor force) (national estimate)",SL.UEM.TOTL.NE.ZS,6.67,6.29,5.52,5.59,5.59
"Macao SAR, China",MAC,"Unemployment, total (% of total labor force) (national estimate)",SL.UEM.TOTL.NE.ZS,1.81,1.94,1.99,1.83,1.75
Madagascar,MDG,"Unemployment, total (% of total labor force) (national estimate)",SL.UEM.TOTL.NE.ZS,1.79,..,..,..,..
Malawi,MWI,"Unemployment, total (% of total labor force) (national estimate)",SL.UEM.TOTL.NE.ZS,..,..,3.54,..,..
Malaysia,MYS,"Unemployment, total (% of total labor force) (national estimate)",SL.UEM.TOTL.NE.ZS,3.1,3.44,3.41,3.3,3.26
Maldives,MDV,"Unemployment, total (% of total labor force) (national estimate)",SL.UEM.TOTL.NE.ZS,..,5.77,..,..,4.56
Mali,MLI,"Unemployment, total (% of total labor force) (national estimate)",SL.UEM.TOTL.NE.ZS,7.73,1.37,7.41,1.62,..
Malta,MLT,"Unemployment, total (% of total labor force) (national estimate)",SL.UEM.TOTL.NE.ZS,5.38,4.69,4,3.66,3.62
Marshall Islands,MHL,"Unemployment, total (% of total labor force) (national estimate)",SL.UEM.TOTL.NE.ZS,..,..,..,..,6.34
Mauritania,MRT,"Unemployment, total (% of total labor force) (national estimate)",SL.UEM.TOTL.NE.ZS,..,..,10.34,..,10.42
Mauritius,MUS,"Unemployment, total (% of total labor force) (national estimate)",SL.UEM.TOTL.NE.ZS,7.41,6.81,6.75,6.43,6.33
Mexico,MEX,"Unemployment, total (% of total labor force) (national estimate)",SL.UEM.TOTL.NE.ZS,4.31,3.85,3.42,3.27,3.48
"Micronesia, Fed. Sts.",FSM,"Unemployment, total (% of total labor force) (national estimate)",SL.UEM.TOTL.NE.ZS,..,..,..,..,..
Moldova,MDA,"Unemployment, total (% of total labor force) (national estimate)",SL.UEM.TOTL.NE.ZS,1.78,1.59,1.62,1.24,1.5
Monaco,MCO,"Unemployment, total (% of total labor force) (national estimate)",SL.UEM.TOTL.NE.ZS,..,6.33,..,..,..
Mongolia,MNG,"Unemployment, total (% of total labor force) (national estimate)",SL.UEM.TOTL.NE.ZS,4.86,7.24,6.36,5.38,9.27
Montenegro,MNE,"Unemployment, total (% of total labor force) (national estimate)",SL.UEM.TOTL.NE.ZS,17.55,17.73,16.08,15.19,15.13
Morocco,MAR,"Unemployment, total (% of total labor force) (national estimate)",SL.UEM.TOTL.NE.ZS,9.46,9.3,..,..,..
Mozambique,MOZ,"Unemployment, total (% of total labor force) (national estimate)",SL.UEM.TOTL.NE.ZS,3.43,..,..,..,..
Myanmar,MMR,"Unemployment, total (% of total labor force) (national estimate)",SL.UEM.TOTL.NE.ZS,0.77,..,1.36,0.77,0.41
Namibia,NAM,"Unemployment, total (% of total labor force) (national estimate)",SL.UEM.TOTL.NE.ZS,..,23.35,..,19.88,..
Nauru,NRU,"Unemployment, total (% of total labor force) (national estimate)",SL.UEM.TOTL.NE.ZS,..,..,..,..,..
Nepal,NPL,"Unemployment, total (% of total labor force) (national estimate)",SL.UEM.TOTL.NE.ZS,3.1,..,10.66,..,..
Netherlands,NLD,"Unemployment, total (% of total labor force) (national estimate)",SL.UEM.TOTL.NE.ZS,6.87,6.01,4.84,3.83,3.38
New Caledonia,NCL,"Unemployment, total (% of total labor force) (national estimate)",SL.UEM.TOTL.NE.ZS,..,..,11.68,11.7,10.88
New Zealand,NZL,"Unemployment, total (% of total labor force) (national estimate)",SL.UEM.TOTL.NE.ZS,5.42,5.15,4.74,4.34,4.11
Nicaragua,NIC,"Unemployment, total (% of total labor force) (national estimate)",SL.UEM.TOTL.NE.ZS,4.7,3.9,3.3,5.2,..
Niger,NER,"Unemployment, total (% of total labor force) (national estimate)",SL.UEM.TOTL.NE.ZS,..,..,7.77,..,..
Nigeria,NGA,"Unemployment, total (% of total labor force) (national estimate)",SL.UEM.TOTL.NE.ZS,4.31,7.06,8.39,..,10.7
North Macedonia,MKD,"Unemployment, total (% of total labor force) (national estimate)",SL.UEM.TOTL.NE.ZS,26.43,24.3,22.81,21.2,17.39
Northern Mariana Islands,MNP,"Unemployment, total (% of total labor force) (national estimate)",SL.UEM.TOTL.NE.ZS,..,..,..,..,..
Norway,NOR,"Unemployment, total (% of total labor force) (national estimate)",SL.UEM.TOTL.NE.ZS,4.3,4.68,4.16,3.8,3.69
Oman,OMN,"Unemployment, total (% of total labor force) (national estimate)",SL.UEM.TOTL.NE.ZS,..,3.27,..,1.8,..
Pakistan,PAK,"Unemployment, total (% of total labor force) (national estimate)",SL.UEM.TOTL.NE.ZS,3.57,2.29,..,4.08,4.83
Palau,PLW,"Unemployment, total (% of total labor force) (national estimate)",SL.UEM.TOTL.NE.ZS,..,..,..,..,..
Panama,PAN,"Unemployment, total (% of total labor force) (national estimate)",SL.UEM.TOTL.NE.ZS,4.4,4.84,5.46,5.31,6.41
Papua New Guinea,PNG,"Unemployment, total (% of total labor force) (national estimate)",SL.UEM.TOTL.NE.ZS,..,..,..,..,..
Paraguay,PRY,"Unemployment, total (% of total labor force) (national estimate)",SL.UEM.TOTL.NE.ZS,4.56,5.25,6.14,6.22,6.59
Peru,PER,"Unemployment, total (% of total labor force) (national estimate)",SL.UEM.TOTL.NE.ZS,3.27,3.74,3.69,3.49,3.38
Philippines,PHL,"Unemployment, total (% of total labor force) (national estimate)",SL.UEM.TOTL.NE.ZS,3.07,2.7,2.55,2.34,2.24
Poland,POL,"Unemployment, total (% of total labor force) (national estimate)",SL.UEM.TOTL.NE.ZS,7.5,6.16,4.89,3.85,3.28
Portugal,PRT,"Unemployment, total (% of total labor force) (national estimate)",SL.UEM.TOTL.NE.ZS,12.45,11.07,8.87,6.99,6.46
Puerto Rico,PRI,"Unemployment, total (% of total labor force) (national estimate)",SL.UEM.TOTL.NE.ZS,12,11.8,10.8,9.2,8.3
Qatar,QAT,"Unemployment, total (% of total labor force) (national estimate)",SL.UEM.TOTL.NE.ZS,0.17,0.15,0.14,0.11,0.1
Romania,ROU,"Unemployment, total (% of total labor force) (national estimate)",SL.UEM.TOTL.NE.ZS,6.81,5.9,4.93,4.19,3.91
Russian Federation,RUS,"Unemployment, total (% of total labor force) (national estimate)",SL.UEM.TOTL.NE.ZS,5.57,5.56,5.21,4.85,4.5
Rwanda,RWA,"Unemployment, total (% of total labor force) (national estimate)",SL.UEM.TOTL.NE.ZS,..,..,11.88,10.76,11.24
Samoa,WSM,"Unemployment, total (% of total labor force) (national estimate)",SL.UEM.TOTL.NE.ZS,..,..,9.4,..,..
San Marino,SMR,"Unemployment, total (% of total labor force) (national estimate)",SL.UEM.TOTL.NE.ZS,7.38,6.45,7.89,7.83,7.54
Sao Tome and Principe,STP,"Unemployment, total (% of total labor force) (national estimate)",SL.UEM.TOTL.NE.ZS,..,..,..,..,..
Saudi Arabia,SAU,"Unemployment, total (% of total labor force) (national estimate)",SL.UEM.TOTL.NE.ZS,5.6,5.6,5.89,6.03,5.64
Senegal,SEN,"Unemployment, total (% of total labor force) (national estimate)",SL.UEM.TOTL.NE.ZS,6.76,4.46,4.08,3.57,2.86
Serbia,SRB,"Unemployment, total (% of total labor force) (national estimate)",SL.UEM.TOTL.NE.ZS,17.66,15.26,13.48,12.73,10.39
Seychelles,SYC,"Unemployment, total (% of total labor force) (national estimate)",SL.UEM.TOTL.NE.ZS,4.15,3.96,3.71,3.53,2.97
Sierra Leone,SLE,"Unemployment, total (% of total labor force) (national estimate)",SL.UEM.TOTL.NE.ZS,..,..,..,3.19,..
Singapore,SGP,"Unemployment, total (% of total labor force) (national estimate)",SL.UEM.TOTL.NE.ZS,3.79,4.08,4.2,..,3.1
Sint Maarten (Dutch part),SXM,"Unemployment, total (% of total labor force) (national estimate)",SL.UEM.TOTL.NE.ZS,..,..,..,..,..
Slovak Republic,SVK,"Unemployment, total (% of total labor force) (national estimate)",SL.UEM.TOTL.NE.ZS,11.49,9.68,8.14,6.54,5.76
Slovenia,SVN,"Unemployment, total (% of total labor force) (national estimate)",SL.UEM.TOTL.NE.ZS,9,8.02,6.57,5.13,4.45
Solomon Islands,SLB,"Unemployment, total (% of total labor force) (national estimate)",SL.UEM.TOTL.NE.ZS,..,..,..,..,..
Somalia,SOM,"Unemployment, total (% of total labor force) (national estimate)",SL.UEM.TOTL.NE.ZS,..,..,..,..,18.83
South Africa,ZAF,"Unemployment, total (% of total labor force) (national estimate)",SL.UEM.TOTL.NE.ZS,22.87,24.02,23.99,24.22,25.54
South Sudan,SSD,"Unemployment, total (% of total labor force) (national estimate)",SL.UEM.TOTL.NE.ZS,..,..,..,..,..
Spain,ESP,"Unemployment, total (% of total labor force) (national estimate)",SL.UEM.TOTL.NE.ZS,22.06,19.64,17.22,15.25,14.1
Sri Lanka,LKA,"Unemployment, total (% of total labor force) (national estimate)",SL.UEM.TOTL.NE.ZS,4.52,4.24,4.05,4.32,4.67
St. Kitts and Nevis,KNA,"Unemployment, total (% of total labor force) (national estimate)",SL.UEM.TOTL.NE.ZS,..,..,..,..,..
St. Lucia,LCA,"Unemployment, total (% of total labor force) (national estimate)",SL.UEM.TOTL.NE.ZS,..,..,18.89,19.12,15.34
St. Martin (French part),MAF,"Unemployment, total (% of total labor force) (national estimate)",SL.UEM.TOTL.NE.ZS,..,..,..,..,..
St. Vincent and the Grenadines,VCT,"Unemployment, total (% of total labor force) (national estimate)",SL.UEM.TOTL.NE.ZS,..,..,..,..,..
Sudan,SDN,"Unemployment, total (% of total labor force) (national estimate)",SL.UEM.TOTL.NE.ZS,..,..,..,..,..
Suriname,SUR,"Unemployment, total (% of total labor force) (national estimate)",SL.UEM.TOTL.NE.ZS,7.22,7.92,..,..,..
Sweden,SWE,"Unemployment, total (% of total labor force) (national estimate)",SL.UEM.TOTL.NE.ZS,7.43,6.99,6.72,6.36,6.83
Switzerland,CHE,"Unemployment, total (% of total labor force) (national estimate)",SL.UEM.TOTL.NE.ZS,4.8,4.92,4.8,4.71,4.39
Syrian Arab Republic,SYR,"Unemployment, total (% of total labor force) (national estimate)",SL.UEM.TOTL.NE.ZS,..,..,..,..,..
Tajikistan,TJK,"Unemployment, total (% of total labor force) (national estimate)",SL.UEM.TOTL.NE.ZS,..,6.9,..,..,..
Tanzania,TZA,"Unemployment, total (% of total labor force) (national estimate)",SL.UEM.TOTL.NE.ZS,..,..,..,..,..
Thailand,THA,"Unemployment, total (% of total labor force) (national estimate)",SL.UEM.TOTL.NE.ZS,0.6,0.69,0.83,0.77,0.72
Timor-Leste,TLS,"Unemployment, total (% of total labor force) (national estimate)",SL.UEM.TOTL.NE.ZS,..,4.66,..,..,..
Togo,TGO,"Unemployment, total (% of total labor force) (national estimate)",SL.UEM.TOTL.NE.ZS,2.2,..,3.74,..,..
Tonga,TON,"Unemployment, total (% of total labor force) (national estimate)",SL.UEM.TOTL.NE.ZS,..,..,..,2.25,..
Trinidad and Tobago,TTO,"Unemployment, total (% of total labor force) (national estimate)",SL.UEM.TOTL.NE.ZS,2.43,3.21,..,..,3.52
Tunisia,TUN,"Unemployment, total (% of total labor force) (national estimate)",SL.UEM.TOTL.NE.ZS,15.16,15.56,15.33,15.46,17.15
Turkiye,TUR,"Unemployment, total (% of total labor force) (national estimate)",SL.UEM.TOTL.NE.ZS,10.24,10.84,10.82,10.89,13.67
Turkmenistan,TKM,"Unemployment, total (% of total labor force) (national estimate)",SL.UEM.TOTL.NE.ZS,..,..,..,..,..
Turks and Caicos Islands,TCA,"Unemployment, total (% of total labor force) (national estimate)",SL.UEM.TOTL.NE.ZS,..,..,..,..,..
Tuvalu,TUV,"Unemployment, total (% of total labor force) (national estimate)",SL.UEM.TOTL.NE.ZS,..,8.49,26.55,..,..
Uganda,UGA,"Unemployment, total (% of total labor force) (national estimate)",SL.UEM.TOTL.NE.ZS,..,..,3.64,..,..
Ukraine,UKR,"Unemployment, total (% of total labor force) (national estimate)",SL.UEM.TOTL.NE.ZS,9.14,9.35,9.5,8.8,8.19
United Arab Emirates,ARE,"Unemployment, total (% of total labor force) (national estimate)",SL.UEM.TOTL.NE.ZS,..,1.64,2.46,2.24,2.33
United Kingdom,GBR,"Unemployment, total (% of total labor force) (national estimate)",SL.UEM.TOTL.NE.ZS,5.3,4.81,4.33,4,3.74
United States,USA,"Unemployment, total (% of total labor force) (national estimate)",SL.UEM.TOTL.NE.ZS,5.28,4.87,4.36,3.9,3.67
Uruguay,URY,"Unemployment, total (% of total labor force) (national estimate)",SL.UEM.TOTL.NE.ZS,7.49,7.84,7.89,8.34,8.73
Uzbekistan,UZB,"Unemployment, total (% of total labor force) (national estimate)",SL.UEM.TOTL.NE.ZS,5.15,5.16,5.83,9.35,8.98
Vanuatu,VUT,"Unemployment, total (% of total labor force) (national estimate)",SL.UEM.TOTL.NE.ZS,..,..,..,..,5.44
"Venezuela, RB",VEN,"Unemployment, total (% of total labor force) (national estimate)",SL.UEM.TOTL.NE.ZS,..,5.32,5.05,..,..
Viet Nam,VNM,"Unemployment, total (% of total labor force) (national estimate)",SL.UEM.TOTL.NE.ZS,1.85,1.85,1.87,1.16,1.68
Virgin Islands (U.S.),VIR,"Unemployment, total (% of total labor force) (national estimate)",SL.UEM.TOTL.NE.ZS,..,..,..,..,..
West Bank and Gaza,PSE,"Unemployment, total (% of total labor force) (national estimate)",SL.UEM.TOTL.NE.ZS,23,23.94,25.68,26.26,25.34
"Yemen, Rep.",YEM,"Unemployment, total (% of total labor force) (national estimate)",SL.UEM.TOTL.NE.ZS,..,..,..,..,..
Zambia,ZMB,"Unemployment, total (% of total labor force) (national estimate)",SL.UEM.TOTL.NE.ZS,..,..,8.52,5.03,5.54
Zimbabwe,ZWE,"Unemployment, total (% of total labor force) (national estimate)",SL.UEM.TOTL.NE.ZS,..,..,..,..,7.37
